Date,Fiscal,Monetary,Other
2020-02-26,,,1st case in the U.S.
2020-02-29,,,Travel Restrictions 
2020-03-06,CPRSA Act,,
2020-03-11,,,Travel Restrictions 
2020-03-15,,QE,CDC Guidelines 
2020-03-18,FFCRA,,
2020-03-24,,Fed's Supervisory Action,
2020-03-27,CARES Act,,
2020-03-28,,,Coronavirus Test Breakthrough
2020-03-30,,Fed's Regulatory Action,
2020-04-06,PPPHCA,CARES Act Tools,
2020-04-16,,,Plan to Reopen
2020-04-28,,,1M Confirmed Cases
2020-05-05,,Fed's Regulatory Action,
2020-05-13,,Fannie Mae's Payment Deferral,
2020-06-11,,,2M Confirmed Cases
2020-06-15,,MSLF Registration,
2020-07-08,,,3M Confirmed Cases
2020-07-14,,,Vaccine Trial Breakthrough
